,ItemName,ManufactureName,UnitQty,Quantity,QtyInPackage,ItemPrice,UnitOfMeasurePrice
0,דג פילה סלמון טרי,ח.י. מעדני גורמה בעמ,"ק""ג",,1,99.90,99.90
1,עגבניה,ביכורי הנגב מ.ד בעמ,"ק""ג",,1,4.90,4.90
2,קוקטייל עוף טרי מקוצב,ח.י. מעדני גורמה בעמ,"ק""ג",,1,42.90,42.90
3,שיפודי  פרגיות**.,ח.י. מעדני גורמה בעמ,"ק""ג",,1,69.90,69.90
4,סטייק פרגיות  עוף טרי**,ח.י. מעדני גורמה בעמ,"ק""ג",,1,69.90,69.90
5,פרגית עוף לתנור עם עצם טרי**,ח.י. מעדני גורמה בעמ,"ק""ג",,1,44.90,44.90
6,בשר טחון טרי מנתח מובחר,ח.י. מעדני גורמה בעמ,"ק""ג",,1,59.90,59.90
7,תות קפוא 300ג  סנפרוסט,תנובה בשר,"י""ח",,1,19.90,3.98
8,סמוטיז צהוב 300ג.,תנובה בשר,"י""ח",,1,16.90,5.63
9,סמוטיז ירוק 300ג,תנובה בשר,"י""ח",,1,16.90,5.63
10,סמוטיז אדום 300ג,תנובה בשר,"י""ח",,1,16.90,5.63
11,שייק תות בננה  300ג.,תנובה בעמ ***,"י""ח",,1,17.90,5.97
12,שייק קייל מנגו בננה ופפאיה 300ג,תנובה בשר,"י""ח",,1,17.90,5.97
13,אוכמניות כחולות  מוקפאות 300ג,תנובה בשר,"י""ח",,1,16.90,5.63
14,מיקס פירות יער מוקפא  300ג,תנובה בשר,"י""ח",,1,16.90,5.63
15,אננס מוקפא 300ג,תנובה בשר,"י""ח",,1,16.90,5.63
16,מנגו מוקפא 300ג,תנובה בשר,"י""ח",,1,16.90,5.63
17,פטל שחור מוקפא 300ג,תנובה בשר,"י""ח",,1,16.90,5.63
18,דודבן חמוץ  מוקפא  300ג,תנובה בשר,"י""ח",,1,16.90,5.63
19,לקט ירקות לתנור}סנפרוסט{,תנובה בשר,"י""ח",,1,22.90,2.86
20,לקט לעוף 800גרם סנפרוסט,תנובה בשר,"י""ח",,1,22.90,2.86
21,לקט לפשטידה }800 סנפרוסט{,תנובה בשר,"י""ח",,1,21.90,2.74
22,גזר גמדי 800 גרם,תנובה בשר,"י""ח",,1,17.90,2.24
23,~שעועית חתוכה ירוקה 800 ג`,תנובה בשר,"י""ח",,1,17.90,2.24
24,שעועית צהובה חתוכה 800 ג`,תנובה בשר,"י""ח",,1,17.90,2.24
25,תרד עלים 800 גרם,תנובה בשר,"י""ח",,1,23.90,2.99
26,תרד מדליון 800 גרם,תנובה בשר,"י""ח",,1,24.90,3.11
27,"שעועית   לבנה}סנפרוסט {1ק""ג",תנובה בשר,"י""ח",,1,18.90,18.90
28,גרגירי  חומוס(סנפרוסט{ 800גר,תנובה בשר,"י""ח",,1,19.90,2.49
29,"קלחונים תירס 1 ק""ג",תנובה בשר,"י""ח",,1,19.70,19.70
30,לקט לקוסקוס}סנפרוסט{,תנובה בשר,"י""ח",,1,22.90,2.86
31,לקט ירקות מעו}סנפרוסט{,תנובה בשר,"י""ח",,1,22.90,2.86
32,לקט נורמנדי 800 גסנפרוסט,תנובה בשר,"י""ח",,1,22.90,2.86
33,ארטישוק   תחתיות}סנפרוסט{400גר,תנובה בשר,"י""ח",,1,20.90,5.23
34,דג סלמון קפוא מנות תנובה 6*200גר,תנובה בשר,"ק""ג",,1,99.90,99.90
35,"כיפלי גריל בד""ץ 70 גרם",יוניליוור ישראל שיווק בעמ,"י""ח",,1,3.90,5.57
36,כיפלי חטיף בצל,יוניליוור ישראל שיווק בעמ,"י""ח",,1,3.90,5.57
37,כיפלי צ יפס 50 ג,יוניליוור ישראל שיווק בעמ,"י""ח",,1,3.90,7.80
38,כיפלי בטעם קטשופ,יוניליוור ישראל שיווק בעמ,"י""ח",,1,3.90,7.80
39,נמס בכוס לייט ירוק 34גר,יוניליוור ישראל שיווק בעמ,"י""ח",,1,6.50,19.12
40,"חטיפי דגנים שוגי גו שמיניה בד""ץ 208גרם",יוניליוור ישראל שיווק בעמ,"י""ח",,1,14.90,10.57
41,"חטיפי דגנים שוקו שוגי גו שמניה בד""ץ 20",יוניליוור ישראל שיווק בעמ,"י""ח",,1,16.90,8.13
42,"חטיפי דגנים קוקו גו שמיניה בד""ץ 168גרם",יוניליוור ישראל שיווק בעמ,"י""ח",,1,14.90,8.87
43,פטריות נמס 43 גרם,יוניליוור ישראל שיווק בעמ,"י""ח",,1,6.50,15.12
44,נמס בכוס ברוקולי 42גרם,יוניליוור ישראל שיווק בעמ,"י""ח",,1,6.50,15.48
45,"פפסי מקס ליים שישייה פחיות 330מ""ל דל ק",טמפו משקאות בעמ,"י""ח",,1,16.90,7.63
46,שניצל עוף ביתי בציפוי שומשום עוף טוב,קבוצת אוסם סחר-שות.מוגבלת,"י""ח",,1,36.90,5.27
47,שניצל אמיתי מעודן עוף טוב,קבוצת אוסם סחר-שות.מוגבלת,"י""ח",,1,36.90,5.27
48,שניצל אמיתי קריספי עוף טוב,קבוצת אוסם סחר-שות.מוגבלת,"י""ח",,1,36.90,5.27
49,הלמנס רוטב שום 300 גרם,יוניליוור ישראל שיווק בעמ,"י""ח",,1,9.90,3.30
50,"בדין אקסטרא סגול 960מ""ל",יוניליוור ישראל שיווק בעמ,"י""ח",,1,14.90,1.55
51,הלמנס רוטב חרדל דבש לייט 305גר,יוניליוור ישראל שיווק בעמ,"י""ח",,1,9.90,3.25
52,"בדין אקסטרא בייבי 960 מ""ל",יוניליוור ישראל שיווק בעמ,"י""ח",,1,14.90,1.55
53,"פינוק שמפו שמן אבוקדו 700מ""ל",יוניליוור ישראל שיווק בעמ,"י""ח",,1,12.80,1.83
54,"פינוק מרכך לשיער יבש 700מ""ל",יוניליוור ישראל שיווק בעמ,"י""ח",,1,11.90,1.70
55,שוגי 20% פחות סוכר 500  גר,יוניליוור ישראל שיווק בעמ,"י""ח",,1,19.90,3.98
56,הלמנס רוטב שום לייט 300 גרם,יוניליוור ישראל שיווק בעמ,"י""ח",,1,9.90,3.30
57,הלמנס רוטב וניגרט מעודן 305 גרם,יוניליוור ישראל שיווק בעמ,"י""ח",,1,12.90,4.30
58,ברנפלקס קראנצ`ים 375גרם,יוניליוור ישראל שיווק בעמ,"י""ח",,1,19.90,3.98
59,"פינוק שמפו לשיער שמן מרוקאי 700מ""ל",יוניליוור ישראל שיווק בעמ,"י""ח",,1,11.90,1.70
60,"פינוק מרכך לשיער שמן מרוקאי 700מ""ל",יוניליוור ישראל שיווק בעמ,"י""ח",,1,11.90,1.70
61,נמס בכוס מרק ירקות עם קרוטונים 56 ג בדץ,יוניליוור ישראל שיווק בעמ,"י""ח",,1,6.50,19.12
62,נמס בכוס מרק עגבניות עם קרוטונים 62  ג`ב,יוניליוור ישראל שיווק בעמ,"י""ח",,1,6.50,19.12
63,קוקומן חום לבן 20% פחות סוכר 375 גרם ב,יוניליוור ישראל שיווק בעמ,"י""ח",,1,19.90,5.31
64,"עוגי מופחת סוכר  500 ג בד""ץ",יוניליוור ישראל שיווק בעמ,"י""ח",,1,19.90,3.98
65,~שוקולד חלב 100 ג,שטראוס גרופ בעמ,"י""ח",,1,5.90,5.90
66,שוקולד מריר 100ג,שטראוס גרופ בעמ,"י""ח",,1,5.90,5.90
67,רוזמרי חלב 100,שטראוס גרופ בעמ,"י""ח",,1,5.90,5.90
68,שוקולד עלית לבן 100 גרם,שטראוס גרופ בעמ,"י""ח",,1,5.90,5.90
69,שוקולד מריר אגוז 100,שטראוס גרופ בעמ,"י""ח",,1,5.90,5.90
70,בצק עלים  צרפתי מעדנות 1 קג,תנובה בשר,"י""ח",,1,21.90,21.90
71,בורקס גבינה מעדנות 800 ג`,תנובה בשר,"י""ח",,1,19.90,2.49
72,"בורקס מעדנות תפו""א",תנובה בשר,"י""ח",,1,19.90,2.49
73,"מלווח חיסכוני 1.4 ק""ג",תנובה בשר,"י""ח",,1,27.90,19.93
74,ריבועי בצק עלים,תנובה בשר,"י""ח",,1,21.90,2.74
75,בלינצ ס עלים,תנובה בשר,"י""ח",,1,25.90,3.70
76,שוקולד חלב עם פצפוצים,שטראוס גרופ בעמ,"י""ח",,1,5.90,5.90
77,שניצל תירס 750 גרם,קבוצת אוסם סחר-שות.מוגבלת,"י""ח",,1,25.90,3.45
78,~ברנפלקס ללא תוספות 500גרם,יוניליוור ישראל שיווק בעמ,"י""ח",,1,22.10,4.42
79,"נשנושי ברנפלקס בד""ץ 375גרם",יוניליוור ישראל שיווק בעמ,"י""ח",,1,19.90,5.31
80,בייגלה ]400בייגל שמיניות מלוחות,יוניליוור ישראל שיווק בעמ,"י""ח",,1,9.90,2.48
81,בייגלה אחד אחד 400,יוניליוור ישראל שיווק בעמ,"י""ח",,1,9.90,2.48
82,פילה  עוף טרי,ח.י. מעדני גורמה בעמ,"ק""ג",,1,44.90,44.90
83,עוף טרי שלם מוכשר(קצביה)**.,ח.י. מעדני גורמה בעמ,"ק""ג",,1,19.90,19.90
84,כבד עוף קפוא,תנובה בשר,"ק""ג",,1,12.90,12.90
85,פרגיות עוף  טרי[קצביה]**,ח.י. מעדני גורמה בעמ,"ק""ג",,1,69.90,69.90
86,שניצל עוף פרימיום  נקי ודק  דק[קצביה].,ח.י. מעדני גורמה בעמ,"ק""ג",,1,46.90,46.90
87,סטייק פרגיות מקוצב טרי,ח.י. מעדני גורמה בעמ,"ק""ג",,1,69.90,69.90
88,כרעיים עוף טרי(קצביה )**.,ח.י. מעדני גורמה בעמ,"ק""ג",,1,27.90,27.90
89,שוקיים עוף טרי (קצביה)**,ח.י. מעדני גורמה בעמ,"ק""ג",,1,39.90,39.90
90,פילה אמנון 5-7 1005 דג פרמיום,תנובה בשר,"ק""ג",,1,34.90,34.90
91,זוג סלמון קפוא ללא עור 100% דג,תנובה בשר,"ק""ג",,1,89.90,89.90
92,פילה סלמון מעושן פרוס 60גר,תנובה בשר,"י""ח",,1,7.90,13.17
93,פילה אמנון 7-9 1005 דג פרמיום,תנובה בשר,"ק""ג",,1,34.90,34.90
94,פילה עוף ארוז  טרי**,ח.י. מעדני גורמה בעמ,"ק""ג",,1,44.90,44.90
95,שוקולד פרה עם עדשים,שטראוס גרופ בעמ,"י""ח",,1,5.90,5.90
96,פילה עוף  טרי**,ח.י. מעדני גורמה בעמ,"ק""ג",,1,48.90,48.90
97,רסק עגב  28% פריניר,ח.כהן סוכנות מזון ומשקאות בע,"י""ח",,1,6.90,1.19
98,עגבניות מרוסקות800 גר,ח.כהן סוכנות מזון ומשקאות בע,"י""ח",,1,6.90,0.86
99,כבד עוף קפוא.,טל-הל יסכה בעמ,"ק""ג",,1,15.90,15.90
100,פילה אמנון גדלים שונים נטו,נטו מלינדה סחר בעמ,"ק""ג",,1,32.90,32.90
101,פילה אמנון מאסטאר פוד,נטו מלינדה סחר בעמ,"ק""ג",,1,40,40
102,פילה אמנון קפוא,בלדי בעמ,"ק""ג",,1,32.90,32.90
103,פילה נקי נקי ענק,נטו מלינדה סחר בעמ,"ק""ג",,1,34.90,34.90
104,פילה אמנון גדלים שונים נטו,נטו מלינדה סחר בעמ,"ק""ג",,1,32.90,32.90
105,פילה אמנון גדלים שונים נטו,נטו מלינדה סחר בעמ,"ק""ג",,1,32.90,32.90
106,חטיפי דגנים קוקומן צדפי שוקולד 184גרם,יוניליוור ישראל שיווק בעמ,"י""ח",,1,14.90,8.10
107,חטיפי דגנים שוגי פצפוצים 184 גרם,יוניליוור ישראל שיווק בעמ,"י""ח",,1,16.90,9.18
108,בייגלה שמיניות  שומשום  300ג,יוניליוור ישראל שיווק בעמ,"י""ח",,1,10.90,3.63
109,פילה אמנון דלידג גדלים שונים,נטו מלינדה סחר בעמ,"ק""ג",,1,32.90,32.90
110,פילה אמנון גדלים שונים,נטו מלינדה סחר בעמ,"ק""ג",,1,32.90,32.90
111,כבד עוף קפוא,טרי וחלק 2 בעמ,"ק""ג",,1,12.90,12.90
112,פילה אמנון גדלים שונים בלדי,בלדי בעמ,"ק""ג",,1,32.90,32.90
113,פילה אמנון בלדי גדלים שונים,בלדי בעמ,"ק""ג",,1,32.90,32.90
114,פילה אמנון גדלים שונים נטו דלידג,נטו מלינדה סחר בעמ,"ק""ג",,1,32.90,32.90
115,פילה אמנון בוואקום,בלדי בעמ,"ק""ג",,1,32.90,32.90
116,דג פילה אמנון,נטו מלינדה סחר בעמ,"ק""ג",,1,32.90,32.90
117,פילה אמנון גדלים שונים נטו,נטו מלינדה סחר בעמ,"ק""ג",,1,32.90,32.90
118,חטיף דגנים כריות 150ג,יוניליוור ישראל שיווק בעמ,"י""ח",,1,16.90,11.27
119,"פינוק שמפו קרטין  700מ""ל",יוניליוור ישראל שיווק בעמ,"י""ח",,1,11.90,1.70
120,"פינוק מרכך קרטין  700מ""ל",יוניליוור ישראל שיווק בעמ,"י""ח",,1,11.90,1.70
121,עגבניות קוביות 900גר,ח.כהן סוכנות מזון ומשקאות בע,"י""ח",,1,6.90,0.86
122,פילה אמנון קפוא,נטו מלינדה סחר בעמ,"ק""ג",,1,32.90,32.90
123,פילה אמנון גדלים שונים בלדי,בלדי בעמ,"ק""ג",,1,32.90,32.90
124,פילה אמנון פרמיום 5-7,בלדי בעמ,"ק""ג",,1,32.90,32.90
125,מרק פטריות מוקרם 400גרם פסח,יוניליוור ישראל שיווק בעמ,"י""ח",,1,24.90,6.23
126,מרק בצל 400 X 12,יוניליוור ישראל שיווק בעמ,"י""ח",,1,24.90,6.23
127,"פיצי בד""צ 500 ג",יוניליוור ישראל שיווק בעמ,"י""ח",,1,19.90,3.98
128,ברנפלקס פתיתים 500גרם,יוניליוור ישראל שיווק בעמ,"י""ח",,1,22.10,4.42
129,"קוקומן פיצפוצים 500גר בד""ץ",יוניליוור ישראל שיווק בעמ,"י""ח",,1,19.90,3.98
130,נמס בכוס ועוד עגבניות 64גרם,יוניליוור ישראל שיווק בעמ,"י""ח",,1,6.90,10.78
131,"בדין אקסטרא יערת הדבש 960 מ""ל",יוניליוור ישראל שיווק בעמ,"י""ח",,1,14.90,1.55
132,"בדין אקסטרא לילך 960מ""ל",יוניליוור ישראל שיווק בעמ,"י""ח",,1,14.90,1.55
133,פילה אמנון גדלים שונים בלדי,בלדי בעמ,"ק""ג",,1,32.90,32.90
134,שוקולד במילוי קרם חלב  100 גרם,שטראוס גרופ בעמ,"י""ח",,1,5.90,5.90
135,פרה שברי אגוזים,שטראוס גרופ בעמ,"י""ח",,1,5.90,5.90
136,סוכריות   M M   שוקו.,מרס ריגלי ישראל בעמ,"י""ח",,1,4.90,4.90
137,פילה אמנון גדלים שונים נטו,נטו מלינדה סחר בעמ,"ק""ג",,1,32.90,32.90
138,פילה אמנון דלידג,נטו מלינדה סחר בעמ,"ק""ג",,1,32.90,16.45
139,פילה אמנון דלי דג,נטו מלינדה סחר בעמ,"ק""ג",,1,32.90,32.90
140,פילה אמנון גדלים שונים תיבול פלפל,נטו מלינדה סחר בעמ,"ק""ג",,1,32.90,32.90
141,פילה אמנון קפוא,נטו מלינדה סחר בעמ,"ק""ג",,1,32.90,32.90
142,פילה אמנון קפוא,נטו מלינדה סחר בעמ,"ק""ג",,1,32.90,32.90
143,פילה אמנון גדלים שונים קפוא,נטו מלינדה סחר בעמ,"ק""ג",,1,32.90,32.90
144,פילה אמנון גדלים שונים  קפוא,נטו מלינדה סחר בעמ,"ק""ג",,1,32.90,32.90
145,פילה אמנון  קפוא(דלידג),נטו מלינדה סחר בעמ,"ק""ג",,1,32.90,32.90
146,פילה אמנון קפוא,נטו מלינדה סחר בעמ,"ק""ג",,1,32.90,32.90
147,פילה אמנון קפוא בווקום גדלים שונים,בלדי בעמ,"ק""ג",,1,32.90,32.90
148,גל גל 400 גרם טבעות,יוניליוור ישראל שיווק בעמ,"י""ח",,1,9.90,2.48
149,קוקטייל מלוח 350 גרם,יוניליוור ישראל שיווק בעמ,"י""ח",,1,12.90,3.69
150,"נשנשים תפו""א בצל 300 גרם",יוניליוור ישראל שיווק בעמ,"י""ח",,1,11.90,3.97
151,נשנשים תירס 325 גרם,יוניליוור ישראל שיווק בעמ,"י""ח",,1,11.90,3.66
152,נשנשים 6דגנים 326 גרם,יוניליוור ישראל שיווק בעמ,"י""ח",,1,11.90,3.66
153,נשנשים עגול מלוח 350 גר.,יוניליוור ישראל שיווק בעמ,"י""ח",,1,11.90,3.40
154,נשנושים משולש שומשום,יוניליוור ישראל שיווק בעמ,"י""ח",,1,11.90,3.40
155,קוקטייל שומשום 350 גרם,יוניליוור ישראל שיווק בעמ,"י""ח",,1,12.90,3.69
156,בלינצ ס גבינה,תנובה בשר,"י""ח",,1,26.90,5.38
157,נקניקיות בבצק]מעדנות[,תנובה בשר,"י""ח",,1,26.90,3.36
158,בורקיטס פריך גבינה,תנובה בשר,"י""ח",,1,26.90,4.14
159,בורקס  פיצה}מעדנות{,תנובה בשר,"י""ח",,1,24.90,3.56
160,אמפנדס בשר]מעדנות[,תנובה בשר,"י""ח",,1,26.90,4.14
161,פיצה משפחתית גבינה 500 ג מעדנות,תנובה בשר,"י""ח",,1,23.90,4.78
162,"פיצה משפחתית זיתים 550ג""ר מעדנות",תנובה בשר,"י""ח",,1,23.90,4.35
163,פיצה אישית גבינה,תנובה בשר,"י""ח",,1,36.90,4.92
164,פיצה אישית עגולה זיתים,תנובה בשר,"י""ח",,1,36.90,4.34
165,פיצה משולשת 750 גרם,תנובה בשר,"י""ח",,1,36.90,4.92
166,פיצה משולש זיתים,תנובה בשר,"י""ח",,1,36.90,4.34
167,חטיפי פיצה מעדנות,תנובה בשר,"י""ח",,1,33,5.08
168,בצק פילאס טורקי,תנובה בשר,"י""ח",,1,21.90,3.65
169,"יין הר חרמון לבן 750 מ""ל",היכל היין שקד גולן בעמ,"י""ח",,1,29.90,3.95
170,פילה אמנון גדלים שונים,נטו מלינדה סחר בעמ,"ק""ג",,1,32.90,32.90
171,פילה אמנון גדולים שונים בלדי,בלדי בעמ,"ק""ג",,1,32.90,32.90
172,ג חנון  בצק}מעדנות 700 ג,תנובה בשר,"י""ח",,1,17.90,2.56
173,ג חנון מעדנות אפוי למיקרוגל 750 ג,תנובה בשר,"י""ח",,1,23.90,3.19
174,"מיני בורקס תפו""א מעדנות",תנובה בשר,"י""ח",,1,24,3
175,מיני בורקס גבינה מעדנות,תנובה בשר,"י""ח",,1,27,3.38
176,ריבועי פיצה זיתים,תנובה בשר,"י""ח",,1,34.20,4.82
177,"מיני בורקס תפו""א",תנובה בשר,"י""ח",,1,22.90,3.52
178,מיני בורקס גבינה,תנובה בשר,"י""ח",,1,24.90,3.11
179,"בצק עלים קמח מלא 1 ק""ג",תנובה בשר,"י""ח",,1,21.90,21.90
180,"ג חנון בצק 1 ק""ג",תנובה בשר,"י""ח",,1,21.90,21.90
181,מיני ג חנון אפוי,תנובה בשר,"י""ח",,1,22,3.67
182,בצק עלים חמאה,תנובה בשר,"י""ח",,1,26.90,4.48
183,מלווח פלופק 700 ג`,תנובה בשר,"י""ח",,1,12.70,1.81
184,מירנדה MIX IT תפוז אוכמניות 1.5 ליטר,טמפו משקאות בעמ,"י""ח",,1,5.50,3.67
185,מירנדה MIX IT טעם ענבים מלון 1.5 ליטר,טמפו משקאות בעמ,"י""ח",,1,5.50,3.67
186,פינוק  שמפו(כחול)לשיער יבש,יוניליוור ישראל שיווק בעמ,"י""ח",,1,11.90,1.70
187,פינוק קונדישנר לשיער רגיל,יוניליוור ישראל שיווק בעמ,"י""ח",,1,11.90,1.70
188,קונדשנר פינוק לשיער יבש,יוניליוור ישראל שיווק בעמ,"י""ח",,1,11.90,1.70
189,פינוק שמפו+קונדישינר,יוניליוור ישראל שיווק בעמ,"י""ח",,1,11.90,1.70
190,פינוק 2 ב -1לשיער יבש,יוניליוור ישראל שיווק בעמ,"י""ח",,1,11.90,1.70
191,פילה אמנון גדלים שונים נטו דלידג,נטו מלינדה סחר בעמ,"ק""ג",,1,32.90,32.90
192,מאמא עוף בציפוי מעודן,תנובה בשר,"י""ח",,1,41.90,5.99
193,מאמא עוף בציפוי שבבי ציפס,תנובה בשר,"י""ח",,1,41.90,5.99
194,שניצל אמיתי }700מאמא עוף{,תנובה בשר,"י""ח",,1,41.90,5.99
195,"רקאנטי יסמין אדום 750מ""ל",היכל היין שקד גולן בעמ,"י""ח",,1,31.90,4.21
196,שוקולד פרה עם תות 100 ג,שטראוס גרופ בעמ,"י""ח",,1,5.90,5.90
197,פרה לבן עם עוגיות,שטראוס גרופ בעמ,"י""ח",,1,5.90,5.90
198,פרה במילוי תות מגדים,שטראוס גרופ בעמ,"י""ח",,1,5.90,5.90
199,שוקולד אוורירי חלב,שטראוס גרופ בעמ,"י""ח",,1,5.90,5.90
200,סוכריות   M M   קריספי,לפ מרס מולטיסיילס ישראל,"י""ח",,1,4.90,4.90
201,סוכריות   M M   קריספי.,לפ מרס מולטיסיילס ישראל,"י""ח",,1,4.90,4.90
202,סוכריות   M M   שוקו.,לפ מרס מולטיסיילס ישראל,"י""ח",,1,4.90,4.90
203,סוכריות M M  פינאטס 48 ג,מרס ריגלי ישראל בעמ,"י""ח",,1,4.90,4.90
204,סוכריות M M  לבן 48גר,לפ מרס מולטיסיילס ישראל,"י""ח",,1,4.90,4.90
205,"פינוק לגבר 3ב1 700מ""ל",יוניליוור ישראל שיווק בעמ,"י""ח",,1,11.90,1.70
206,"בירה Blanc 1664 5% 330מ""ל שישייה",חברה המרכזית להפצת משקאות בעמ,"י""ח",,1,54.90,26.82
207,אורביט בקבוקון WHITE טעם פירות,לפ מרס מולטיסיילס ישראל,"י""ח",,1,10.50,11.67
208,אורביט בקבוקון WHITE קלאסי,לפ מרס מולטיסיילס ישראל,"י""ח",,1,10.50,11.67
209,אורביט בקבוקון WHITE טעם מנטה,לפ מרס מולטיסיילס ישראל,"י""ח",,1,10.50,11.67
210,אורביט בקבוקון פרופשיונל פפרמינט,לפ מרס מולטיסיילס ישראל,"י""ח",,1,10.50,11.67
211,אורביט בקבוקון WHITE טעם הדרים,לפ מרס מולטיסיילס ישראל,"י""ח",,1,10.50,11.67
212,אורביט בקבוקון WHITE טעם אוכמניות,לפ מרס מולטיסיילס ישראל,"י""ח",,1,10.50,11.67
213,אורביט בקבוקון באבל מינט,לפ מרס מולטיסיילס ישראל,"י""ח",,1,10.50,11.67
214,אורביט שקית ספירמינט.,לפ מרס מולטיסיילס ישראל,"י""ח",,1,7.90,13.62
215,אורביט שקית פפרמינט.,לפ מרס מולטיסיילס ישראל,"י""ח",,1,7.90,13.62
216,אורביט בקבוקון WHITE תפוז,לפ מרס מולטיסיילס ישראל,"י""ח",,1,10.50,11.67
217,אורביט בקבוקון WHITE טעם תפוז,לפ מרס מולטיסיילס ישראל,"י""ח",,1,10.50,11.67
218,מסטיק פייב בוקס פפרמינט 69גר,מרס ריגלי ישראל בעמ,"י""ח",,1,10.50,10.50
219,מסטיק פייב בוקס אבטיח 69גר,מרס ריגלי ישראל בעמ,"י""ח",,1,10.50,10.50
220,אורביט  בקבוקון תות,לפ מרס מולטיסיילס ישראל,"י""ח",,1,10.50,11.67
221,אורביט שקית בבלמינט.,לפ מרס מולטיסיילס ישראל,"י""ח",,1,7.90,13.62
222,איירוויבז בקבוקון טעם אקסטרים,לפ מרס מולטיסיילס ישראל,"י""ח",,1,10.50,11.67
223,מסטיק פייב בוקס אבטיח 69גר,מרס ריגלי ישראל בעמ,"י""ח",,1,10.50,10.50
224,אורביט בקבוקון WHITE טעם תות,לפ מרס מולטיסיילס ישראל,"י""ח",,1,10.50,11.67
225,אורביט בקבוקון פרופשיונל ספירמינט,לפ מרס מולטיסיילס ישראל,"י""ח",,1,10.50,11.67
226,מלטיזרס ממתק,לפ מרס מולטיסיילס ישראל,"י""ח",,1,4.90,13.24
227,מרס רביעייה 180ג,לפ מרס מולטיסיילס ישראל,"י""ח",,1,12.90,7.17
228,סניקרס רביעייה 180ג,לפ מרס מולטיסיילס ישראל,"י""ח",,1,12.90,7.17
229,טויקס רביעייה 200גר,לפ מרס מולטיסיילס ישראל,"י""ח",,1,12.90,6.45
230,באונטי  רביעייה 228ג,לפ מרס מולטיסיילס ישראל,"י""ח",,1,12.90,5.66
231,באונטי מארז 4+1,לפ מרס מולטיסיילס ישראל,"י""ח",,1,12.90,7.17
232,טוויקס מארז 4+1,לפ מרס מולטיסיילס ישראל,"י""ח",,1,12.90,7.17
233,מארס מארז 4+1,לפ מרס מולטיסיילס ישראל,"י""ח",,1,12.90,7.17
234,סניקרס מארז 4+1,לפ מרס מולטיסיילס ישראל,"י""ח",,1,12.90,7.17
235,סניקרס רביעייה 180ג,לפ מרס מולטיסיילס ישראל,"י""ח",,1,12.90,7.17
236,סיני מיניס מהדורת קיץ,קבוצת אוסם סחר-שות.מוגבלת,"י""ח",,1,11.90,3.40
237,צ`יריוס האני נאט 375גר,קבוצת אוסם סחר-שות.מוגבלת,"י""ח",,1,11.90,3.40
238,דובדבן קפוא 300ג  סנפרוסט,תנובה בשר,"י""ח",,1,19.90,3.98
239,שוקולד אוורירי מריר,שטראוס גרופ בעמ,"י""ח",,1,5.90,5.90
240,גביעי גלידה  24יח  אמריקה גילרו,ח.כהן סוכנות מזון ומשקאות בע,"י""ח",,1,8.90,0.37
241,טבעות שומשום 300גר`,יוניליוור ישראל שיווק בעמ,"י""ח",,1,9.90,3.30
242,"נוזל כלים 750מ""ל Green power",החב הדרומית לשיווק,"י""ח",,1,9.90,1.32
243,חומוס דרוזי 500 גרם,סלטי שמיר2006בעמ,"י""ח",,1,14,2.80
244,בורקס פילו במילוי גבינה 600 גר`מעדנות,תנובה בשר,"י""ח",,1,19.90,3.32
245,"בורקס פילו במילוי תפו""א 600גר`",תנובה בשר,"י""ח",,1,19.90,3.32
246,בורקס פילו פיצה 600גר`,תנובה בשר,"י""ח",,1,19.90,3.32
247,בורקס פילו בולגרית 600גר`,תנובה בשר,"י""ח",,1,19.90,3.32
248,בורקס פילו במילוי תרד וגבינה 600גר`,תנובה בשר,"י""ח",,1,19.90,3.32
249,בצק עלים  900גרם  }מעדנות{,תנובה בשר,"י""ח",,1,21.90,2.43
250,בצק עלים פריך   מתוק}מעדנות{900גר,תנובה בשר,"י""ח",,1,22.90,2.54
251,בצק עלים פריך   מלוח}מעדנות{900גר,תנובה בשר,"י""ח",,1,22.90,2.54
252,בורקס פילו במילוי פטריות 600גר`,תנובה בשר,"י""ח",,1,19.90,3.32
253,בורקס פילו במילוי תרד 600גרם,תנובה בשר,"י""ח",,1,19.90,3.32
254,בצק שמרים למאפים מתוקים 900גרם,תנובה בשר,"י""ח",,1,21.40,2.38
255,מארז 3 פיצות גבינה,תנובה בשר,"י""ח",,1,40,33.33
256,בורקס פילו ארבע גבינות 500ג,תנובה בשר,"י""ח",,1,21.90,2.74
257,אצבעות פילו גבינה וניל,תנובה בשר,"י""ח",,1,15.90,1.99
258,מאפה פילו במילוי עוף 700גר,תנובה בשר,"י""ח",,1,35.90,5.13
259,"מאפה פילו במילוי תפו""א 740גר",תנובה בשר,"י""ח",,1,25.50,3.45
260,פיצה טוסט גבינה 800ג,תנובה בשר,"י""ח",,1,28.50,3.56
261,פיצה טוסט גבינה וזיתים 800ג,תנובה בשר,"י""ח",,1,28.50,3.56
262,בצק לפיצה דק 400גר,תנובה בשר,"י""ח",,1,19,2.11
263,בצק לפיצה עבה 400גר,תנובה בשר,"י""ח",,1,19,2.11
264,רוטב פסטה 240גר פריניר,ח.כהן סוכנות מזון ומשקאות בע,"י""ח",,1,5.90,8.43
265,בייגלה דקים דקים מלח ים  300 גר`,יוניליוור ישראל שיווק בעמ,"י""ח",,1,9.90,3.30
266,בייגלה דקים טעם שמנת בצל  300גר,יוניליוור ישראל שיווק בעמ,"י""ח",,1,10.90,3.63
267,בייגלה דקים דקים שומשום קלאסי  300 גר`,יוניליוור ישראל שיווק בעמ,"י""ח",,1,9.90,3.30
268,זוג פיצה משפחתי בחבק,תנובה בשר,"י""ח",,1,30.90,61.80
269,פיצה מקמח מלא 500ג,תנובה בשר,"י""ח",,1,25.90,51.80
270,פיצה דקה מעדנות{,תנובה בשר,"י""ח",,1,14.90,3.92
271,פיצה דקה בתיבול שום 410ג,תנובה בשר,"י""ח",,1,14.90,3.63
272,פיצה אישית מלבן  200ג,תנובה בשר,"י""ח",,1,5.50,2.75
273,מיני מלאווח 530 ג}מעדנות{,תנובה בשר,"י""ח",,1,11.90,2.25
274,מלוואח 234ג,תנובה בשר,"י""ח",,1,5.50,2.35
275,"בורקס תפו""א   200ג",תנובה בשר,"י""ח",,1,5.50,3.06
276,בורקס גבינה   200ג,תנובה בשר,"י""ח",,1,5.50,3.06
277,בצק פילו 500גר,תנובה בשר,"י""ח",,1,21.90,4.38
278,בצק פילו עם קמח מלא 500גר,תנובה בשר,"י""ח",,1,21.90,4.38
279,"מאגדת בורקס עלים תפו""א 1.6ק""ג",תנובה בשר,"י""ח",,1,28.90,18.06
280,בורקס  יפו מעדנות גבינה 600ג,תנובה בשר,"י""ח",,1,17.90,2.98
281,"בורקס יפו מעדנות תפו""א  600ג",תנובה בשר,"י""ח",,1,15.90,2.65
282,בצק שמרים עלים חמאה,תנובה בשר,"י""ח",,1,26.90,4.48
283,בצק פריך מתוק חמאה,תנובה בשר,"י""ח",,1,26.90,4.48
284,חטיפי פיצה גבינה על בסיס קמח מלא מעדנות,תנובה בשר,"י""ח",,1,29.90,4.60
285,"חטיפי פיצה גבינה בד""צ650ג",תנובה בשר,"י""ח",,1,34.90,5.37
286,"פיצה משפחתית גבינה 500ג בד""צ",תנובה בשר,"י""ח",,1,23.90,22.13
287,שלישיית פיצות בחבק *360ג,תנובה בשר,"י""ח",,1,29.90,27.69
288,"בצק עלים מופחת שומן 1ק""ג",תנובה בשר,"י""ח",,1,21.90,21.90
289,פיצה ביאנקה ברוטב שמנת ותרד,תנובה בשר,"י""ח",,1,24.90,4.45
290,בורקס  יפו תרד וגבינה600ג,תנובה בשר,"י""ח",,1,19.90,3.32
291,שטרודל תפוח עץ  600ג,תנובה בשר,"י""ח",,1,19.90,3.32
292,פוקצה 600ג,תנובה בשר,"י""ח",,1,13.90,2.32
293,פוקצה מקמח מלא 600ג,תנובה בשר,"י""ח",,1,13.90,2.32
294,פיצה עם בצק עגבניות מעדנות 460ג,תנובה בשר,"י""ח",,1,23.90,5.20
295,פיצה עם בצק תרד מעדנות 460ג,תנובה בשר,"י""ח",,1,23.90,5.20
296,פיצה עם בצק פלפלים מעדנות 460ג,תנובה בשר,"י""ח",,1,23.90,5.20
297,פיצה פוקציה מרגריטה,תנובה בשר,"י""ח",,1,23.90,4.88
298,פיצה פוקציה בסגנון יווני,תנובה בשר,"י""ח",,1,24.90,5.08
299,בורקס  יפו משפחתי שבלול גבינה500ג,תנובה בשר,"י""ח",,1,17.90,3.58
300,"בורקס  יפו משפחתי שבלול תפו""א 500ג",תנובה בשר,"י""ח",,1,15.90,3.18
301,בורקס  יפו משפחתי שבלול תרד גבינה 500ג,תנובה בשר,"י""ח",,1,20.90,4.18
302,שטרודל תפוחי עץ   קפוא,תנובה בשר,"י""ח",,1,19.90,3.98
303,פיצה פוקציה ביאנקה בזיליקום,תנובה בשר,"י""ח",,1,23.90,4.88
304,עוגת קראנץ שמרים שוקולד קפוא,תנובה בשר,"י""ח",,1,19.90,3.98
305,עוגת קראנץ שמרים שוקולד קפוא,תנובה בשר,"י""ח",,1,19.90,3.98
306,עוגת קראנץ שמרים חלבה שוקולד  קפוא,תנובה בשר,"י""ח",,1,19.90,3.98
307,עוגת קראנץ שמרים נוגט קפוא,תנובה בשר,"י""ח",,1,19.90,3.98
308,שטרודל גבינה   קפוא,תנובה בשר,"י""ח",,1,19.90,3.98
309,בורקס גבינה מופחת שומן 800ג.,תנובה בשר,"י""ח",,1,22.90,2.86
310,"בורקס תפו""א  מופחת שומן 800ג",תנובה בשר,"י""ח",,1,22.90,2.86
311,חטיפי פיצה  עם זיתים מעדנות,תנובה בשר,"י""ח",,1,32.90,4.63
312,"יין הר חרמון אינדיגו 750 מ""ל",היכל היין שקד גולן בעמ,"י""ח",,1,29.90,3.95
313,"יין הר חרמון מוסקטו 750 מ""ל",היכל היין שקד גולן בעמ,"י""ח",,1,29.90,3.95
314,שניצל עוף טוב ביתי ציפוי צ`יפס רכיבים,קבוצת אוסם סחר-שות.מוגבלת,"י""ח",,1,36.90,5.27
315,שניצל עוף דק פחות מלח 700גר רכיבים טבע,קבוצת אוסם סחר-שות.מוגבלת,"י""ח",,1,36.90,5.27
316,אצבעות שניצל שומשום פחות מלח 700 עוף ט,קבוצת אוסם סחר-שות.מוגבלת,"י""ח",,1,36.90,5.27
317,שניצל ביתי מעודן פחות מלח 700גר עוף טו,קבוצת אוסם סחר-שות.מוגבלת,"י""ח",,1,36.90,5.27
318,עוף טוב שניצל עוף ביתי מתובל ר.טבע 600,קבוצת אוסם סחר-שות.מוגבלת,"י""ח",,1,36.90,6.15
319,חומוס עם חריף 300ג,סלטי שמיר2006בעמ,"י""ח",,1,8.90,2.70
320,חומוס מזרחי 300גר`,סלטי שמיר2006בעמ,"י""ח",,1,8.90,2.70
321,כרוב אדום שמיר  300ג,סלטי שמיר2006בעמ,"י""ח",,1,8.90,2.70
322,טחינה ביתית  300ג,סלטי שמיר2006בעמ,"י""ח",,1,8.90,2.70
323,חציל במיונז שמיר 300ג,סלטי שמיר2006בעמ,"י""ח",,1,8.90,2.70
324,קולסלאו אמריקאי   300ג,סלטי שמיר2006בעמ,"י""ח",,1,8.90,2.70
325,סלק   300ג,סלטי שמיר2006בעמ,"י""ח",,1,8.90,2.70
326,מטבוחה  300ג,סלטי שמיר2006בעמ,"י""ח",,1,8.90,2.70
327,טורקי איסטנבול  300ג,סלטי שמיר2006בעמ,"י""ח",,1,8.90,2.70
328,תורכי  200ג,סלטי שמיר2006בעמ,"י""ח",,1,7.90,3.95
329,סלט חציל על האש   300ג,סלטי שמיר2006בעמ,"י""ח",,1,8.90,2.70
330,חומוס מסעדות  200ג,סלטי שמיר2006בעמ,"י""ח",,1,7.90,3.95
331,טחינה מיוחדת  200ג,סלטי שמיר2006בעמ,"י""ח",,1,7.90,3.95
332,חציל בטעם כבד  200ג,סלטי שמיר2006בעמ,"י""ח",,1,7.90,3.95
333,חומוס מסבחה  200ג,סלטי שמיר2006בעמ,"י""ח",,1,7.90,3.95
334,חומוס אבו גוש  200ג,סלטי שמיר2006בעמ,"י""ח",,1,7.90,3.95
335,חציל במיונז ביתי   200ג,סלטי שמיר2006בעמ,"י""ח",,1,7.90,3.95
336,קישוא בטעם כבד  200ג,סלטי שמיר2006בעמ,"י""ח",,1,7.90,3.95
337,כרוב אדום  200ג,סלטי שמיר2006בעמ,"י""ח",,1,7.90,3.95
338,קוביות סלק  200ג,סלטי שמיר2006בעמ,"י""ח",,1,7.90,3.95
339,גזר מרוקאי ברוטב פיקנטי  200ג,סלטי שמיר2006בעמ,"י""ח",,1,7.90,3.95
340,חציל בטחינה שמיר  300ג,סלטי שמיר2006בעמ,"י""ח",,1,8.90,2.70
341,חציל סלוניקי  300ג,סלטי שמיר2006בעמ,"י""ח",,1,8.90,2.70
342,חמוצים סיני    300ג,סלטי שמיר2006בעמ,"י""ח",,1,8.90,2.70
343,"יין הר חרמון קברנה סוביניון 750 מ""ל.",היכל היין שקד גולן בעמ,"י""ח",,1,29.90,3.95
344,רוטב עגבניות מתובל לפסטה  240גר פריניר,ח.כהן סוכנות מזון ומשקאות בע,"י""ח",,1,5.90,8.43
345,חציל על האש 200ג,סלטי שמיר2006בעמ,"י""ח",,1,7.90,3.95
346,חיצל בטחינה  200ג,סלטי שמיר2006בעמ,"י""ח",,1,7.90,3.95
347,חיצל מרוקאי  200ג,סלטי שמיר2006בעמ,"י""ח",,1,7.90,3.95
348,סלט עגבניות חריפות 200ג,סלטי שמיר2006בעמ,"י""ח",,1,7.90,3.95
349,חומוס סרירצ`ה חריף 200ג,סלטי שמיר2006בעמ,"י""ח",,1,7.90,3.95
350,סלט שעועית ובטטה ברוטב 300ג,סלטי שמיר2006בעמ,"י""ח",,1,8.90,2.97
351,סלט קטניות צבעוני 300ג,סלטי שמיר2006בעמ,"י""ח",,1,8.90,2.97
352,סלט עדשים במרינדה  300ג,סלטי שמיר2006בעמ,"י""ח",,1,8.90,2.97
353,ממרח שעועית עם טחינה  300ג,סלטי שמיר2006בעמ,"י""ח",,1,8.90,2.97
354,סטארקיסט טונה טו גו 80גר עם עגבניות,דיפלומט בעמ,"י""ח",,1,9.90,12.38
355,סטארקיסט טונה טו גו 80גר עם לימון ותימין,דיפלומט בעמ,"י""ח",,1,9.90,12.38
356,סטארקיסט טונה טו גו 80גר צילי ושום,דיפלומט בעמ,"י""ח",,1,9.90,12.38
357,"יין הר חרמון מג נטה 750 מ""ל",היכל היין שקד גולן בעמ,"י""ח",,1,29.90,3.95
358,"מקלות פילו תפו""א  450ג קפוא",תנובה בשר,"י""ח",,1,17.90,3.98
359,שבלולי שמרים במילוי ממרח קינמון 350ג,תנובה בשר,"י""ח",,1,16.90,4.83
360,מקלות פילו פלפל קלוי וגבינה   450ג קפוא,תנובה בשר,"י""ח",,1,17.90,3.98
361,שבלולי שמרים במילוי ממרח שוקולד 350ג.,תנובה בשר,"י""ח",,1,16.90,4.83
362,מקלות פילו גבינה 450ג קפוא,תנובה בשר,"י""ח",,1,17.90,3.98
363,מקלות פילו חציל קלוי וגבינה   450ג קפו,תנובה בשר,"י""ח",,1,17.90,3.98
364,"בדין אקסטרה סגול 960 מ""ל",יוניליוור ישראל שיווק בעמ,"י""ח",,1,14.90,1.55
365,"בדין אקסטרא ורוד 960 מ""ל",יוניליוור ישראל שיווק בעמ,"י""ח",,1,14.90,1.55
366,הלמנס לסלט אלף האיים לייט 304גרם,יוניליוור ישראל שיווק בעמ,"י""ח",,1,9.90,3.26
367,הלמנס לסלט אלף האיים 304גרם,יוניליוור ישראל שיווק בעמ,"י""ח",,1,9.90,3.26
368,הלמנס לסלט חרדל ודבש 305גרם,יוניליוור ישראל שיווק בעמ,"י""ח",,1,9.90,3.25
369,נמס בכוס ועוד טעם עוף שקדי מרק 50גר,יוניליוור ישראל שיווק בעמ,"י""ח",,1,6.50,13
370,"מרק בצל 400  גר`בד""צ",יוניליוור ישראל שיווק בעמ,"י""ח",,1,24.90,6.23
371,"מרק פטריות  400  גר`בד""צ",יוניליוור ישראל שיווק בעמ,"י""ח",,1,24.90,6.23
372,"נמס בכוס תירס בד""צ 34גרם",יוניליוור ישראל שיווק בעמ,"י""ח",,1,6.50,19.12
373,"נמס בכוס אפונה  בד""צ 50 גרם",יוניליוור ישראל שיווק בעמ,"י""ח",,1,6.50,19.12
374,שוקולד רוזמרי חלב,שטראוס גרופ בעמ,"י""ח",,1,5.90,5.90
375,בראוניס שוקולד קוקוס,שטראוס גרופ בעמ,"י""ח",,1,16.90,4.45
376,שוקולד חלב אוורירי,שטראוס גרופ בעמ,"י""ח",,1,5.90,5.90
377,שוקולד מריר אוורירי,שטראוס גרופ בעמ,"י""ח",,1,5.90,5.90
378,עוגת בראוניס שוקולד חדשה,שטראוס גרופ בעמ,"י""ח",,1,16.90,4.45
379,שוקולד חלב עם עדשים,שטראוס גרופ בעמ,"י""ח",,1,5.90,5.90
380,עוגת בראוניס שיש,שטראוס גרופ בעמ,"י""ח",,1,16.90,4.45
381,טבלת ש.פרה סוכריות קפצות 100גר מגדים,שטראוס גרופ בעמ,"י""ח",,1,5.90,5.90
382,שוקולד פרה חלב עם שברי אגוזים 100גר`,שטראוס גרופ בעמ,"י""ח",,1,5.90,5.90
383,"שוקולד חלב עם שברי אגוזים כשל""פ",שטראוס גרופ בעמ,"י""ח",,1,5.90,5.90
384,שוקולד פרה לבן מגדים 100גר`,שטראוס גרופ בעמ,"י""ח",,1,5.90,5.90
385,"שוקולד חלב עם עדשים כשל""פ 100גר",שטראוס גרופ בעמ,"י""ח",,1,5.90,5.90
386,שוקולד פרה חלב במילוי קרם נוגט 100גר`,שטראוס גרופ בעמ,"י""ח",,1,5.90,5.90
387,שוקולד מריר אוורירי מגדים,שטראוס גרופ בעמ,"י""ח",,1,5.90,5.90
388,"שוקולד חלב עם קוקוס כשל""פ  100גר`",שטראוס גרופ בעמ,"י""ח",,1,5.90,5.90
389,"שוקולד לבן 100גרם כשל""פ",שטראוס גרופ בעמ,"י""ח",,1,5.90,5.90
390,מיונז 481ג מאסטר שף,ש.שסטוביץ בעמ,"י""ח",,1,10.90,2.27
391,עוגת בראוניס שוקולד דבש 380גר,שטראוס גרופ בעמ,"י""ח",,1,14.90,3.92
392,עוגת בראוניס טעם קפה נמס עלית 200גרם,שטראוס גרופ בעמ,"י""ח",,1,16.20,8.10
393,שוקולד חלב מסיבת כדורים,שטראוס גרופ בעמ,"י""ח",,1,5.90,5.90
394,"שוקולד חלב קורנפלקס 100 ג כשל""פ",שטראוס גרופ בעמ,"י""ח",,1,5.90,5.90
395,"שוקולד לבן פרה עם תות 100 ג כשל""פ",שטראוס גרופ בעמ,"י""ח",,1,5.90,5.90
396,"שוקולד חלב קרם קוקוס 100 ג כשל""פ",שטראוס גרופ בעמ,"י""ח",,1,5.90,5.90
397,שוקולד פרה מסיבת סוכריות,שטראוס גרופ בעמ,"י""ח",,1,5.90,5.90
398,שוקולד פרה מסיבת שכבות,שטראוס גרופ בעמ,"י""ח",,1,5.90,5.90
399,שוקולד לבן במילוי תות מגדים,שטראוס גרופ בעמ,"י""ח",,1,5.90,5.90
400,"עוגת בראוניס טורטית בד""ץ 380גר",שטראוס גרופ בעמ,"י""ח",,1,16.90,4.45
401,"קוקומן בד""ץ 500 כדורים 20% פחות סוכר",יוניליוור ישראל שיווק בעמ,"י""ח",,1,19.90,3.98
402,בייגלה דקים דקים בצורות 300 גר`,יוניליוור ישראל שיווק בעמ,"י""ח",,1,9.90,3.30
403,"פינוק לגבר 3ב1 700מ""ל",יוניליוור ישראל שיווק בעמ,"י""ח",,1,11.90,1.70
404,"נמס בכוס עגבניות חריף בד""צ 34גרם",יוניליוור ישראל שיווק בעמ,"י""ח",,1,6.90,20.29
405,"פינוק לגבר 2ב1 שמפו ומרכך 700מ""ל",יוניליוור ישראל שיווק בעמ,"י""ח",,1,11.90,1.70
406,חטיף כריות ממולא קרם חלב ושוקולד 150ג,יוניליוור ישראל שיווק בעמ,"י""ח",,1,14.90,9.93
407,ריבועי ברנפלקס קינמון 400ג,יוניליוור ישראל שיווק בעמ,"י""ח",,1,19.90,4.98
408,ריבועי ברנפלקס דבש  400ג,יוניליוור ישראל שיווק בעמ,"י""ח",,1,22,5.50
409,"נמס בכוס עגבניות חריף בד""צ 34גרם",יוניליוור ישראל שיווק בעמ,"י""ח",,1,6.50,19.12
410,חטיף דגנים אפוי עם שוקולד מריר מעולה 1,יוניליוור ישראל שיווק בעמ,"י""ח",,1,9.90,7.17
411,חטיף דגנים אפוי עם שוקולד לבן מעולה 1,יוניליוור ישראל שיווק בעמ,"י""ח",,1,9.90,7.17
412,חטיף דגנים אפוי עם קרם טעם יוגורט,יוניליוור ישראל שיווק בעמ,"י""ח",,1,9.90,7.17
413,"פינוק שמפו שמן קוקוס 700מ""ל",יוניליוור ישראל שיווק בעמ,"י""ח",,1,11.90,1.70
414,"פינוק מרכך  שמן קוקוס 700מ""ל",יוניליוור ישראל שיווק בעמ,"י""ח",,1,11.90,1.70
415,בייגלה רולים עם מלח 280גר,יוניליוור ישראל שיווק בעמ,"י""ח",,1,10.90,3.89
416,בייגלה רולים עם שומשום 280גר,יוניליוור ישראל שיווק בעמ,"י""ח",,1,9.90,3.54
417,מרק עוף אמיתי 400כ ר. טבעיים.,יוניליוור ישראל שיווק בעמ,"י""ח",,1,21.90,5.48
418,מרק פטריות 400כ ר. טבעיים קנור,יוניליוור ישראל שיווק בעמ,"י""ח",,1,21.90,5.48
419,מרק בצל 400 ג קנור ר.טבעיים,יוניליוור ישראל שיווק בעמ,"י""ח",,1,21.90,5.48
420,חטיפי שוגי קורנפלקס שישייה 156גר.,יוניליוור ישראל שיווק בעמ,"י""ח",,1,12.90,8.27
421,חטיפי קוקומן פצפ. טעם שוקו שישייה 126ג,יוניליוור ישראל שיווק בעמ,"י""ח",,1,12.90,8.27
422,נמס בכוס מרק ירקות כתומים,יוניליוור ישראל שיווק בעמ,"י""ח",,1,6.50,19.12
423,חטיפי דגנים פתיתי תירס בשוקולד,יוניליוור ישראל שיווק בעמ,"י""ח",,1,12.90,8.27
424,חטיפי דגנים עם פיצפוצי שוק. לבן,יוניליוור ישראל שיווק בעמ,"י""ח",,1,12.90,9.35
425,חטיפי דגנים טעם שוק. וקרם חלב,יוניליוור ישראל שיווק בעמ,"י""ח",,1,16.90,12.25
426,ברנפלקס אקסטרה פייבר ללא סוכר 410ג,יוניליוור ישראל שיווק בעמ,"י""ח",,1,19.90,4.85
427,"קוקומן בד""ץ 500 כדורים 20% פחות סוכר",יוניליוור ישראל שיווק בעמ,"י""ח",,1,19.90,3.98
428,"קוקומן פיצפוצים 500גר בד""ץ",יוניליוור ישראל שיווק בעמ,"י""ח",,1,19.90,3.98
429,קוקומן חום לבן 20% פחות סוכר 375 גרם ב,יוניליוור ישראל שיווק בעמ,"י""ח",,1,19.90,5.31
430,"שוגי פיצי בד""צ 500 ג",יוניליוור ישראל שיווק בעמ,"י""ח",,1,19.90,3.98
431,~ברנפלקס ללא תוספות 500גרם,יוניליוור ישראל שיווק בעמ,"י""ח",,1,19.90,3.98
432,ברנפלקס פתיתים 500גרם,יוניליוור ישראל שיווק בעמ,"י""ח",,1,19.90,3.98
433,פינוק שמפו תה ירוק ויטמין E,יוניליוור ישראל שיווק בעמ,"י""ח",,1,11.90,1.70
434,פינוק מרכך  תה ירוק ויטמין E,יוניליוור ישראל שיווק בעמ,"י""ח",,1,11.90,1.70
435,רולים בטעמים איטלקי 280ג,יוניליוור ישראל שיווק בעמ,"י""ח",,1,10.90,3.89
436,רולים בטעמים בצל מקורמל 280ג,יוניליוור ישראל שיווק בעמ,"י""ח",,1,10.90,3.89
437,ברנפלקס קראנצים קמייפל 375ג,יוניליוור ישראל שיווק בעמ,"י""ח",,1,22,5.50
438,"פינוק שמפו קיץ 700מ""ל",יוניליוור ישראל שיווק בעמ,"י""ח",,1,11.90,1.70
439,"פינוק מרכך קיץ 700מ""ל",יוניליוור ישראל שיווק בעמ,"י""ח",,1,11.90,1.70
440,בייגלה רולים עם מלח 280 גר`,יוניליוור ישראל שיווק בעמ,"י""ח",,1,10.90,3.89
441,טבעות שומשום 300גר`,יוניליוור ישראל שיווק בעמ,"י""ח",,1,9.90,3.30
442,כיפלי בסגנון צרפתי 50ג,יוניליוור ישראל שיווק בעמ,"י""ח",,1,3.90,7.80
443,כיפלי בסגנון ספרדי 50ג,יוניליוור ישראל שיווק בעמ,"י""ח",,1,3.90,7.80
444,שוקולד חלב אוריגמי  100 ג,שטראוס גרופ בעמ,"י""ח",,1,5.90,5.90
445,שוקולד אקסטרא חלב 100גר`,שטראוס גרופ בעמ,"י""ח",,1,6.90,6.90
446,שוקולד אקסטרא צימוקים ואגוזים 100גר`,שטראוס גרופ בעמ,"י""ח",,1,6.90,6.90
447,שוקולד אקסטרא קרם חלב ועוגיות 100גר`,שטראוס גרופ בעמ,"י""ח",,1,6.90,6.90
448,שוקולד אקסטרא קרם יוגורט תות ועוג 100גר`,שטראוס גרופ בעמ,"י""ח",,1,6.90,6.90
449,שוקולד אוורירי לבן 85גר,שטראוס גרופ בעמ,"י""ח",,1,5.90,5.90
450,שוקולד אקסטרא עוגיות קרמל ושקדים,שטראוס גרופ בעמ,"י""ח",,1,6.90,6.90
451,שוקולד אקסטרא קרם שוקולד ואגוזים,שטראוס גרופ בעמ,"י""ח",,1,6.90,6.90
452,שוקולד אקסטרה חלב 100ג,שטראוס גרופ בעמ,"י""ח",,1,6.90,6.57
453,שוקולד אקסטרא וניל עוגיות שוק 100ג,שטראוס גרופ בעמ,"י""ח",,1,6.90,6.90
454,שוקולד אקסטרא קרם יוגורט תות  100ג,שטראוס גרופ בעמ,"י""ח",,1,6.90,6.90
455,שוקולד אקסטרא צימוקים ואגוזים  100ג,שטראוס גרופ בעמ,"י""ח",,1,6.90,6.90
456,בלונדי שוקולד דקשים 100גר.,שטראוס גרופ בעמ,"י""ח",,1,6.90,6.90
457,בלונדי שוקולד קרמל ומלח 100גר,שטראוס גרופ בעמ,"י""ח",,1,6.90,6.90
458,בלונדי שוקולד שבבי קוקוס קלוי 100גר,שטראוס גרופ בעמ,"י""ח",,1,6.90,6.90
459,עוגת בראוניס שוקולד חדשה,שטראוס גרופ בעמ,"י""ח",,1,16.90,4.45
460,שוקולד חלב במתיקות מעודנת 100גר,שטראוס גרופ בעמ,"י""ח",,1,7.90,7.90
461,שוקולד אגוזים במתיקות מעודנת 100גר,שטראוס גרופ בעמ,"י""ח",,1,7.90,7.90
462,שוקולד קוקוס במתיקות מעודנת 100גר,שטראוס גרופ בעמ,"י""ח",,1,7.90,7.90
463,"סנו אוקסיג ן אבקה 1.5 ק""ג",החב הדרומית לשיווק,"י""ח",,1,25.90,17.27
464,נוזל לניקוי אסלות  Green power,החב הדרומית לשיווק,"י""ח",,1,12.90,1.72
465,נוזל לניקוי חלונות  Green power,החב הדרומית לשיווק,"י""ח",,1,12.90,1.72
466,נוזל לניקוי כללי  Green power,החב הדרומית לשיווק,"י""ח",,1,15.90,3.18
467,נוזל לשטיפת רצפות  Green power,החב הדרומית לשיווק,"י""ח",,1,19.90,9.95
468,ג`ל כביסה 3ליטר   Green power,החב הדרומית לשיווק,"י""ח",,1,34.90,11.63
469,בלונדי שוקולד קרם בראוניז 100גר,שטראוס גרופ בעמ,"י""ח",,1,6.90,6.90
470,בלונדי שוקולד קרם אגוזי לוז 100גר,שטראוס גרופ בעמ,"י""ח",,1,6.90,6.90
471,"עוגת אגוזי עם קרם בד""צ 380ג",שטראוס גרופ בעמ,"י""ח",,1,16.90,4.45
472,עוגת בראוניס שוקולד מריר עם קרם,שטראוס גרופ בעמ,"י""ח",,1,16.90,4.45
473,בלונדי שוקולד ניבס קקאו 100גר,שטראוס גרופ בעמ,"י""ח",,1,6.90,6.90
474,בלונדי שוקולד עוגיות קרמל 100גר,שטראוס גרופ בעמ,"י""ח",,1,6.90,6.90
475,בלונדי שוקולד קרם שמנת 100גר,שטראוס גרופ בעמ,"י""ח",,1,6.90,6.90
476,עוגת בראוניס טורטית לבנה 380גר,שטראוס גרופ בעמ,"י""ח",,1,16.90,4.45
477,עוגת טוויסט עם קרם 370גר,שטראוס גרופ בעמ,"י""ח",,1,16.90,4.45
478,"שוקולד לבן בד""ץ 100ג",שטראוס גרופ בעמ,"י""ח",,1,5.90,5.90
479,שוקולד לבן רבנות 100ג,שטראוס גרופ בעמ,"י""ח",,1,5.90,5.90
480,נמס בכוס ירקות קרוטונים,יוניליוור ישראל שיווק בעמ,"י""ח",,1,6.90,10.78
481,נמס בכוס תירס,יוניליוור ישראל שיווק בעמ,"י""ח",,1,6.50,10.16
482,נמס בכוס טעם עוף ירקות,יוניליוור ישראל שיווק בעמ,"י""ח",,1,6.50,10.16
483,נמס בכוס עגבניות אטריות,יוניליוור ישראל שיווק בעמ,"י""ח",,1,6.50,10.16
484,נמס בכוס עגבניות 56ג,יוניליוור ישראל שיווק בעמ,"י""ח",,1,6.50,11.61
485,נמס בכוס טעם עוף  48ג,יוניליוור ישראל שיווק בעמ,"י""ח",,1,6.50,13.54
486,נמס בכוס אפונה  50ג,יוניליוור ישראל שיווק בעמ,"י""ח",,1,6.50,13
487,חרדל דיזון צרפתי 350ג,יוניליוור ישראל שיווק בעמ,"י""ח",,1,9.90,2.83
488,חרדל צרפתי עם גרגרים שלמים 350ג,יוניליוור ישראל שיווק בעמ,"י""ח",,1,9.90,2.83
489,נמס בכוס פטריות 48ג,יוניליוור ישראל שיווק בעמ,"י""ח",,1,6.50,13.54
490,הלמנס רוטב לסלט צילי תפוז300ג,יוניליוור ישראל שיווק בעמ,"י""ח",,1,9.90,3.30
491,"פינוק שמפו עם שמן זית 700מ""ל",יוניליוור ישראל שיווק בעמ,"י""ח",,1,11.90,1.70
492,חטיף דגנים טו גו שוקולד חלב 270ג,יוניליוור ישראל שיווק בעמ,"י""ח",,1,11.90,4.41
493,"פינוק שמפו חמאת שיאה 700מ""ל",יוניליוור ישראל שיווק בעמ,"י""ח",,1,11.90,1.70
494,"פינוק מרכך חמאת שיאה 700מ""ל",יוניליוור ישראל שיווק בעמ,"י""ח",,1,11.90,1.70
495,"פינוק לגבר גל רחצה 700מ""ל",יוניליוור ישראל שיווק בעמ,"י""ח",,1,11.90,1.70
496,"ברנפלקס חלבון בד""ץ 375ג",יוניליוור ישראל שיווק בעמ,"י""ח",,1,19.90,5.31
497,נשנושים סטיקס טעם טבעי 260ג,יוניליוור ישראל שיווק בעמ,"י""ח",,1,12.90,4.96
498,נשנושים סטיקס טעם חמוץ מתוק 260ג,יוניליוור ישראל שיווק בעמ,"י""ח",,1,12.90,4.96
499,פריכיות פתית כוסמת דקות עם ציה25ג,יוניליוור ישראל שיווק בעמ,"י""ח",,1,3.50,14
500,פריכיות פתית כוסמת דקות עם קינואה25ג,יוניליוור ישראל שיווק בעמ,"י""ח",,1,3.50,14
501,פריכיות פתית כוסמת דקות עם תירס25ג,יוניליוור ישראל שיווק בעמ,"י""ח",,1,3.50,14
502,פריכיות פתית כוסמת דקות עם ציה,יוניליוור ישראל שיווק בעמ,"י""ח",,1,3.50,18.42
503,פינוק  שמפו(כחול)לשיער רגיל,יוניליוור ישראל שיווק בעמ,"י""ח",,1,11.90,1.70
504,פינוק  שמפו(כחול)לשיער יבש,יוניליוור ישראל שיווק בעמ,"י""ח",,1,11.90,1.70
505,פינוק שמפו+קונדישינר רגיל,יוניליוור ישראל שיווק בעמ,"י""ח",,1,11.90,1.70
506,"פינוק שמפו לשיער שמן מרוקאי 700מ""ל",יוניליוור ישראל שיווק בעמ,"י""ח",,1,11.90,1.70
507,"פינוק שמפו שמן קוקוס 700מ""ל",יוניליוור ישראל שיווק בעמ,"י""ח",,1,11.90,1.70
508,"פינוק קונדישנר לשיער רגיל 700מ""ל",יוניליוור ישראל שיווק בעמ,"י""ח",,1,11.90,1.70
509,קונדשנר פינוק לשיער יבש,יוניליוור ישראל שיווק בעמ,"י""ח",,1,11.90,1.70
510,"פינוק מרכך לשיער שמן מרוקאי 700מ""ל",יוניליוור ישראל שיווק בעמ,"י""ח",,1,11.90,1.70
511,"פינוק מרכך  שמן קוקוס 700מ""ל",יוניליוור ישראל שיווק בעמ,"י""ח",,1,11.90,1.70
512,"פינוק לגבר 3ב1 700מ""ל",יוניליוור ישראל שיווק בעמ,"י""ח",,1,11.90,1.70
513,פינוק שמפו למניעת קשקשים בתוספת תמציות.,יוניליוור ישראל שיווק בעמ,"י""ח",,1,12.90,1.84
514,פינוק שמפו ומרכך 2ב1 למניעת קשקשים,יוניליוור ישראל שיווק בעמ,"י""ח",,1,12.90,1.84
515,פינוק שמפו לגבר למניעת קשקשים.,יוניליוור ישראל שיווק בעמ,"י""ח",,1,12.90,1.84
516,"פינוק שמפו שמן חוחובה 700מ""ל.",יוניליוור ישראל שיווק בעמ,"י""ח",,1,11.90,1.70
517,"פינוק מרכך שמן חוחובה 700מ""ל.",יוניליוור ישראל שיווק בעמ,"י""ח",,1,11.90,1.70
518,"מרק דגש טעם עוף 400ג כשל""פ",יוניליוור ישראל שיווק בעמ,"י""ח",,1,14.90,3.73
519,מרק פטריות רכיבים טבעיים 400ג קנור,יוניליוור ישראל שיווק בעמ,"י""ח",,1,24.90,6.23
520,נמס בכוס עדשים,יוניליוור ישראל שיווק בעמ,"י""ח",,1,6.50,13.54
521,נמס בכוס עגבניות חריף,יוניליוור ישראל שיווק בעמ,"י""ח",,1,6.50,13.54
522,נמס בכוס ירקות 100% רכיבים טבעיים,יוניליוור ישראל שיווק בעמ,"י""ח",,1,6.50,13.54
523,הלמנס רוטב לסלט וינגרייט אסייתי 300ג,יוניליוור ישראל שיווק בעמ,"י""ח",,1,9.90,3.30
524,קורנפלקס אלופים 850ג בדץ.,יוניליוור ישראל שיווק בעמ,"י""ח",,1,15.90,1.87
525,דגנים חיטה מלאה ללא סוכר 375ג קפה,יוניליוור ישראל שיווק בעמ,"י""ח",,1,19.90,5.31
526,בייגלה ]400בייגל שמיניות מלוחות,יוניליוור ישראל שיווק בעמ,"י""ח",,1,9.90,2.48
527,פינוק שמפו למניעת קשקשים בתוספת שמן.,יוניליוור ישראל שיווק בעמ,"י""ח",,1,12.90,1.84
528,"קוקומן בד""ץ 375ג  כדורים",יוניליוור ישראל שיווק בעמ,"י""ח",,1,19.90,5.31
529,"קוקומן כדורים בד""ץ 375ב",יוניליוור ישראל שיווק בעמ,"י""ח",,1,19.90,5.31
530,פרוזן 2 דגני בוקר טופי קרמל 375גר,יוניליוור ישראל שיווק בעמ,"י""ח",,1,19.90,5.31
531,נשנשים שמנת בצל 260 גרם,יוניליוור ישראל שיווק בעמ,"י""ח",,1,11.90,4.58
532,נשנשים זעתר  260 גרם,יוניליוור ישראל שיווק בעמ,"י""ח",,1,11.90,4.58
533,נשנשים קרקר 6 דגנים  300ג,יוניליוור ישראל שיווק בעמ,"י""ח",,1,12.90,4.30
534,נשנשים קרקר קוקטייל מלוח  3000 גר.,יוניליוור ישראל שיווק בעמ,"י""ח",,1,11.90,3.97
535,נשנשים עגול מלוח 350 גר.,יוניליוור ישראל שיווק בעמ,"י""ח",,1,11.90,3.97
536,נשנשים קרקר משולשי שומשום 300ג,יוניליוור ישראל שיווק בעמ,"י""ח",,1,12.90,4.30
537,נשנשים קרקר קוקטייל שומשום 300ג,יוניליוור ישראל שיווק בעמ,"י""ח",,1,12.90,4.30
538,ממרח פסטו בזיליקום 200ג,יוניליוור ישראל שיווק בעמ,"י""ח",,1,12.90,6.45
539,ממרח עגבניות מיובשות 200ג,יוניליוור ישראל שיווק בעמ,"י""ח",,1,12.90,6.45
540,בייגלה דקים דקים מלח  270גר`,יוניליוור ישראל שיווק בעמ,"י""ח",,1,9.90,3.67
541,"קוקומן כשל""פ 375גר ללא גלוטן",יוניליוור ישראל שיווק בעמ,"י""ח",,1,19.90,5.31
542,הלמנס לסלט אלף האיים 305גרם,יוניליוור ישראל שיווק בעמ,"י""ח",,1,9.90,3.25
543,"הלמנס לסלט אלף האיים לייט 305גרם בד""צ",יוניליוור ישראל שיווק בעמ,"י""ח",,1,9.90,3.25
544,"הלמנס לסלט אלף האיים לייט  כשל""פ 304גרם",יוניליוור ישראל שיווק בעמ,"י""ח",,1,9.90,3.26
545,הלמנס רוטב שום 300גרם,יוניליוור ישראל שיווק בעמ,"י""ח",,1,9.90,3.30
546,הלמנס רוטב שום לייט 300גרם,יוניליוור ישראל שיווק בעמ,"י""ח",,1,9.90,3.30
547,הלמנס לסלט חרדל ודבש 305גרם,יוניליוור ישראל שיווק בעמ,"י""ח",,1,9.90,3.25
548,הלמנס רוטב חרדל דבש לייט 305גר,יוניליוור ישראל שיווק בעמ,"י""ח",,1,9.90,3.25
549,מולטי צ יריוס 375גר,קבוצת אוסם סחר-שות.מוגבלת,"י""ח",,1,11.90,3.17
550,אוראו דקים וניל 96ג,דיפלומט בעמ,"י""ח",,1,7.90,8.23
551,ריו מארה טונה בשמן זית 160ג זוג,ש.שסטוביץ בעמ,"י""ח",,1,29.90,9.34
552,"בדין אקסטרא לבן 960מ""ל",יוניליוור ישראל שיווק בעמ,"י""ח",,1,14.90,1.55
553,"בדין אקסטרא ארומטי זהב 960 מ""ל",יוניליוור ישראל שיווק בעמ,"י""ח",,1,14.90,1.55
554,"בדין אקסטרא ארומטי שחור 960 מ""ל",יוניליוור ישראל שיווק בעמ,"י""ח",,1,14.90,1.55
555,"דאב  600מ""ל שמפו  רגיל",יוניליוור ישראל שיווק בעמ,"י""ח",,1,15.90,2.65
556,"דאב שמפו 600מ""ל",יוניליוור ישראל שיווק בעמ,"י""ח",,1,15.90,2.27
557,"דאב  600מ""ל שמפו  רגיל",יוניליוור ישראל שיווק בעמ,"י""ח",,1,15.90,2.65
558,"דאב דמג`ת`רפי 600מ""ל שמפו  רגיל",יוניליוור ישראל שיווק בעמ,"י""ח",,1,15.90,2.65
559,"דאב מרכך משקם 600מ""ל",יוניליוור ישראל שיווק בעמ,"י""ח",,1,15.90,2.65
560,"דאב  600מ""ל שמפו  רגיל",יוניליוור ישראל שיווק בעמ,"י""ח",,1,15.90,2.65
561,"דאב מרכך שמני הזנה 600מ""ל",יוניליוור ישראל שיווק בעמ,"י""ח",,1,15.90,2.65
562,"דאב מרכך  600מ""ל",יוניליוור ישראל שיווק בעמ,"י""ח",,1,15.90,2.65
563,"בדין אקסטרא ורוד 960 מ""ל",יוניליוור ישראל שיווק בעמ,"י""ח",,1,14.90,1.55
564,"בדין אקסטרא יערת הדבש 960 מ""ל",יוניליוור ישראל שיווק בעמ,"י""ח",,1,14.90,1.55
565,"בדין אקסטרה גלמור 960 מ""ל",יוניליוור ישראל שיווק בעמ,"י""ח",,1,14.90,1.55
566,"בדין אקסטרה אלגנס  960 מ""ל",יוניליוור ישראל שיווק בעמ,"י""ח",,1,14.90,1.55
567,"בדין אקסטרה סגול 960 מ""ל",יוניליוור ישראל שיווק בעמ,"י""ח",,1,14.90,1.55
568,"דאב שמפו קוקוס כורכום  600מ""ל",יוניליוור ישראל שיווק בעמ,"י""ח",,1,15.90,2.65
569,"דאב שמפו עם שמן אבוקדו 600מ""ל",יוניליוור ישראל שיווק בעמ,"י""ח",,1,15.90,2.65
570,הלמנס מיונז חריף  235ג,יוניליוור ישראל שיווק בעמ,"י""ח",,1,11.90,5.06
571,הלמנס רוטב ברביקיו 285ג,יוניליוור ישראל שיווק בעמ,"י""ח",,1,11.90,4.18
572,הלמנס מיונז עם שום 235ג,יוניליוור ישראל שיווק בעמ,"י""ח",,1,11.90,5.06
573,הלמנס חרדל 285ג,יוניליוור ישראל שיווק בעמ,"י""ח",,1,11.90,4.18
574,"בדין אקסטרא בייבי ניחוח טלק 960 מ""ל",יוניליוור ישראל שיווק בעמ,"י""ח",,1,14.90,1.55
575,"בדין אקסטרא אלגנס  960 מ""ל",יוניליוור ישראל שיווק בעמ,"י""ח",,1,14.90,1.55
576,"דאב מרכך עם שמן קוקוס כורכום 600מ""ל",יוניליוור ישראל שיווק בעמ,"י""ח",,1,15.90,2.65
577,"דאב מרכך עם שמן ורוזמרין 600מ""ל",יוניליוור ישראל שיווק בעמ,"י""ח",,1,15.90,2.65
578,"דאב מרכך עם שמן אבוקדו 600מ""ל",יוניליוור ישראל שיווק בעמ,"י""ח",,1,15.90,2.65
579,"דאב שמפו  עם שמן לבנדר 600מ""ל",יוניליוור ישראל שיווק בעמ,"י""ח",,1,15.90,2.65
580,"דאב  600מ""ל שמפו מים מיסלרים",יוניליוור ישראל שיווק בעמ,"י""ח",,1,15.90,2.65
581,"דאב  600מ""ל מרכך מים מיסלרים",יוניליוור ישראל שיווק בעמ,"י""ח",,1,15.90,2.65
582,"בדין אקסטרא פריחת הדובדבן ושקדים 960 מ""ל",יוניליוור ישראל שיווק בעמ,"י""ח",,1,14.90,1.55
583,"בדין אקסטרא בייבי  960 מ""ל",יוניליוור ישראל שיווק בעמ,"י""ח",,1,14.90,1.55
584,"בדין אקסטרא בייבי  טלק  960 מ""ל",יוניליוור ישראל שיווק בעמ,"י""ח",,1,14.90,1.55
